class,auc_ovr
high,0.9911441983185446
low,0.8642829698952732
moderate,0.8673013590707224
